IdVenta,FechaVenta,CantidadVenta,MontoVenta,Descuento,MontoFinalVenta,fk_producto,fk_cliente,fk_sucursal
4,2022-11-02,42.73,42.68,31.67,29.16,33,172,65
5,2022-11-12,81.25,2.44,40.11,1.46,65,886,88
6,2022-12-23,68.65,66.97,91.74,5.53,19,679,27
7,2022-12-11,1.65,92.15,48.92,47.07,7,565,97
8,2022-10-25,59.06,81.24,41.13,47.83,30,842,38
9,2023-01-08,6.2,4.33,46.27,2.33,85,47,103
10,2022-12-28,85,58.88,11.8,51.93,101,285,42
11,2022-11-12,86.39,97.97,12.24,85.98,76,442,37
12,2022-11-15,30.16,27.31,14.32,23.4,35,325,1
13,2022-11-24,94.74,45.26,26.32,33.35,91,904,39
14,2023-01-02,60.8,46.2,53.87,21.31,65,1000,66
15,2022-11-05,16.82,58.46,96.12,2.27,89,439,64
16,2022-12-28,51.52,37.67,33.31,25.12,66,688,44
17,2022-12-01,42.01,4.9,100.4,3.46,85,940,74
18,2022-12-13,20.5,1.77,14.76,1.51,31,72,90
19,2022-11-25,15.52,37.44,45.97,20.23,50,15,100
20,2022-10-27,2.07,79.4,98.68,1.05,66,293,23
21,2022-10-26,77.92,6.37,6.87,5.93,98,822,10
22,2022-10-24,78.35,20.63,26.36,15.19,73,123,35
23,2023-02-11,29.83,62.34,9.09,56.67,16,731,10
24,2022-11-21,34.91,50.45,6.1,47.37,57,108,101
25,2022-12-17,16.24,60.72,31.01,41.89,2,198,100
26,2022-12-02,44.2,16.16,20.37,12.87,66,704,8
27,2023-01-04,3.81,41.19,71.34,11.81,35,615,96
28,2022-11-06,34.57,53.43,43.65,30.11,8,10,75
29,2022-11-12,61.69,86.32,86.18,11.93,43,895,21
30,2022-12-27,73.44,41.03,105,9.31,59,751,52
31,2022-11-07,41.84,11.97,29.57,8.43,83,509,83
32,2022-11-06,38.39,61.42,84.97,9.23,69,737,46
33,2022-12-20,57.42,18.72,39.68,11.29,41,794,59
34,2022-10-28,93.95,85.4,18.16,69.89,32,9,50
35,2022-12-19,35.08,45.36,24.43,34.28,41,316,48
36,2022-11-07,31.11,15.79,6.97,14.69,85,139,82
37,2022-12-21,31.23,38.55,48.57,19.83,9,50,97
38,2022-12-01,1.95,85.72,57.43,36.49,7,913,6
39,2022-12-14,69.09,12.18,36.67,7.71,15,923,62
40,2022-11-22,63.43,28.37,65.29,9.85,55,23,12
41,2022-11-29,28.63,58.02,8.52,53.08,88,711,54
42,2022-12-01,40.95,1.22,78.69,0.26,29,97,19
43,2022-12-29,72.77,39.93,72.15,11.12,63,640,98
44,2023-01-03,95.3,76.58,32.51,51.68,16,679,91
45,2022-12-03,41.76,77.44,64.69,27.34,31,952,94
46,2022-12-28,84.85,72.83,56.26,31.86,51,160,93
47,2022-11-24,99.24,8.51,52.13,4.07,19,601,67
48,2023-01-10,41.65,61.67,24.19,46.75,64,393,25
49,2023-01-08,63.78,52.11,83.93,8.37,35,199,56
50,2022-12-14,69.43,22.44,44.68,12.41,75,965,4
51,2022-11-08,93.67,25.71,45.58,13.99,45,8,96
52,2022-12-21,90.8,10.67,81.37,1.99,51,987,45
53,2022-12-22,70.67,55.79,32.61,37.6,43,988,20
54,2022-11-25,88.19,14.3,35.62,9.21,4,947,18
55,2022-12-17,84.11,40.56,49.38,20.53,83,551,54
56,2022-10-29,75.49,85.17,21.15,67.16,81,659,73
57,2022-11-10,32.66,26.96,6.58,25.19,48,128,66
58,2022-11-24,55.77,3.44,84.84,0.52,56,31,84
59,2023-01-10,33.46,79.54,53.47,37.01,45,665,32
60,2022-12-04,99.9,98.36,29.02,69.82,102,179,47
61,2022-11-11,56.22,13.5,32.43,9.12,8,895,102
62,2022-12-25,48.66,58.96,26.51,43.33,55,842,99
63,2022-11-25,39.36,25.74,57.02,11.06,49,800,56
64,2022-11-21,77.11,15.87,82.89,2.72,18,385,102
65,2022-11-19,8.55,79.43,78.54,17.05,40,771,48
66,2022-12-31,13.8,74.91,55.91,33.03,96,835,51
67,2023-01-02,43.85,33.92,12.54,29.67,3,233,54
68,2022-12-02,12.97,3.64,63.9,1.31,78,695,12
69,2022-12-18,50.33,21,88.75,2.36,15,22,97
70,2022-11-24,17.79,42.97,29.15,30.44,83,224,33
71,2022-11-28,53.24,43.5,93.49,2.83,18,742,95
72,2022-12-27,51.42,9.19,81.82,1.67,56,284,101
73,2023-01-08,97.67,94.2,73.09,25.35,52,331,80
74,2022-11-20,69.84,37.49,60.34,14.87,65,357,73
75,2023-01-11,7.26,0.59,49.81,0.3,95,519,37
76,2022-11-22,68.06,46.5,65.26,16.15,64,618,28
77,2022-12-08,37.38,90.26,69.48,27.55,40,730,18
78,2023-01-14,17.11,57.33,89.59,5.97,59,983,86
79,2023-01-13,37.49,16.77,51.32,8.16,68,491,66
80,2022-12-20,54.83,64.98,22.57,50.31,46,496,89
81,2022-10-31,82.51,44.23,37.27,27.75,30,504,63
82,2022-11-25,51.08,87.37,66.03,29.68,81,714,76
83,2022-11-30,86.46,71.92,22.89,55.46,18,262,50
84,2022-12-19,87.85,17.74,22.26,13.79,68,319,73
85,2022-12-14,16.7,41.6,63.78,15.07,38,121,59
86,2022-12-31,99.97,36.36,78.32,7.88,40,191,66
87,2022-11-18,56.25,90.21,49.5,45.56,45,634,79
88,2022-11-13,75.36,75.21,78.51,16.16,29,306,92
89,2022-11-11,42.66,75.82,70.24,22.56,81,700,75
90,2022-10-24,61.98,62.81,40.47,37.39,75,378,82
91,2022-11-06,84.43,2.31,24.48,1.74,50,514,60
92,2022-11-19,51.21,44.52,73.39,11.85,42,852,28
93,2022-11-18,11.17,4.81,49.43,2.43,76,166,89
94,2022-12-06,38.29,61.91,91.3,5.39,43,822,85
95,2022-10-30,98.02,74.94,72.13,20.89,44,297,6
96,2022-10-28,3.46,30.57,67.58,9.91,17,764,65
97,2022-11-28,85.8,60.22,40.91,35.58,25,241,94
98,2022-12-24,37.55,84.08,45.75,45.61,61,248,31
99,2022-12-24,71.09,24.32,84.74,3.71,96,537,79
100,2022-12-17,37.64,95.18,7.46,88.08,61,317,78
101,2022-12-21,76.78,23.78,73.4,6.33,40,34,5
102,2022-11-06,92.25,64.11,73.36,17.08,24,66,79
103,2022-12-03,99.33,75.2,72.91,20.37,22,168,77
104,2022-12-15,58.83,67.33,33.36,44.87,80,870,20
105,2023-01-05,35.03,9.01,14.72,7.68,87,991,74
106,2023-01-16,66.58,91.43,72.82,24.85,62,397,66
107,2022-11-24,66.87,55.85,16.2,46.8,33,398,103
108,2022-12-08,23.35,13.41,13.39,11.61,74,625,50
109,2022-11-21,81.08,24.58,1.68,24.17,77,656,17
110,2022-12-09,77.37,19.92,88.14,2.36,102,527,76
111,2022-12-29,11.3,77.67,11.18,68.99,81,536,94
112,2022-10-30,66.79,40.12,11.01,35.7,76,250,54
113,2022-12-27,79.65,31.36,89.05,3.43,8,662,97
114,2022-12-13,66.45,59.59,16.25,49.91,33,589,101
115,2022-12-31,88.92,35.97,85.47,5.23,20,620,6
116,2022-11-08,96.82,21.48,59.96,8.6,72,169,30
117,2022-11-18,94.5,77,44.09,43.05,63,746,65
118,2022-12-01,89.59,18.59,59.1,7.6,44,668,78
119,2022-12-06,56.96,20.58,50.84,10.12,11,456,95
120,2022-11-21,42.61,47.05,65.73,16.12,63,325,99
121,2022-11-19,77.06,9.99,8.29,9.16,10,630,69
122,2022-12-24,47.42,76.01,33.11,50.84,37,974,76
123,2022-11-18,15.51,38.18,0,38.18,35,339,54
124,2022-11-30,90.89,80.56,0,80.56,7,11,23
125,2022-12-24,46.24,81.24,0,81.24,39,921,92
126,2022-11-10,11.14,68.47,0,68.47,69,833,40
127,2022-10-25,89.13,4.13,0,4.13,4,289,55
128,2023-01-08,60.07,92.54,0,92.54,66,746,37
129,2022-11-20,3.1,26.35,0,26.35,83,811,99
130,2022-11-13,74.7,19.04,0,19.04,21,613,25
131,2022-12-01,71.6,78.15,0,78.15,64,917,26
132,2022-12-27,88.65,82.24,0,82.24,11,809,21
133,2022-11-03,55.42,69.6,0,69.6,86,70,75
134,2022-11-27,61.55,34.18,0,34.18,44,59,48
135,2022-12-10,92.06,93.68,0,93.68,43,437,5
136,2022-12-06,76.89,22.86,0,22.86,21,783,33
137,2022-11-03,6.96,74.89,0,74.89,68,27,98
138,2022-12-06,68.99,90.58,0,90.58,58,252,99
139,2022-10-26,42.35,74.21,0,74.21,64,660,91
140,2023-01-10,95.11,43.41,0,43.41,28,227,80
141,2022-12-11,89.28,75.05,0,75.05,21,42,20
142,2022-11-21,91.24,7.07,0,7.07,26,877,25
143,2022-12-19,80.84,83.61,0,83.61,83,171,94
144,2022-11-08,16.64,53.54,0,53.54,46,453,67
145,2022-12-13,48.19,53.57,0,53.57,46,140,67
146,2022-10-26,18.03,96.46,0,96.46,68,668,47
147,2022-11-18,49.13,53.67,0,53.67,58,614,93
148,2022-12-28,63.41,7.01,0,7.01,2,188,62
149,2022-10-24,89.14,66.88,0,66.88,52,550,20
150,2022-11-18,55.73,55.93,0,55.93,33,657,72
151,2023-01-07,52.32,15.07,0,15.07,101,191,32
152,2022-12-11,9.57,5.99,0,5.99,18,654,67
153,2022-12-13,4.29,32.64,0,32.64,71,156,61
154,2022-10-24,42.18,3.03,0,3.03,55,200,72
155,2022-12-19,85.93,83.53,0,83.53,50,32,46
156,2022-12-09,55.29,52.54,0,52.54,30,553,58
157,2023-01-06,85.65,48.92,0,48.92,44,691,11
158,2022-11-21,15.06,50.97,0,50.97,36,585,86
159,2022-11-03,40.39,26.7,0,26.7,62,667,99
160,2022-11-06,27.85,26.16,0,26.16,65,588,68
161,2022-11-20,19.52,56.13,0,56.13,89,169,86
162,2022-12-29,55.82,84.47,0,84.47,14,189,21
163,2023-01-12,60.38,46.55,0,46.55,18,46,85
164,2022-12-11,22.37,17.63,0,17.63,53,339,60
165,2022-11-01,42.17,59.99,0,59.99,19,143,73
166,2022-12-10,49.47,82.74,0,82.74,77,297,95
167,2022-11-02,93.96,0.1,0,0.1,90,390,46
168,2022-10-27,87.31,83.28,0,83.28,53,708,38
169,2022-11-03,95.72,54.87,0,54.87,78,17,69
170,2023-01-11,2.58,34.36,0,34.36,11,178,98
171,2023-01-06,76.23,23.56,0,23.56,65,69,15
172,2022-10-24,45.32,30.52,0,30.52,95,770,99
173,2022-12-11,66.73,53.29,0,53.29,74,589,103
174,2022-12-31,46.14,10.82,0,10.82,103,165,2
175,2022-11-03,12.3,26.83,0,26.83,73,243,25
176,2023-01-09,67.88,46.92,0,46.92,52,266,83
177,2022-11-16,45.04,56.39,0,56.39,38,348,2
178,2022-11-17,17.64,77,0,77,54,922,59
179,2022-12-18,6.93,32.42,0,32.42,50,76,32
180,2022-12-09,4.1,82.62,0,82.62,22,578,90
181,2022-12-22,75.8,32.37,0,32.37,69,833,62
182,2022-12-09,38.03,66.09,0,66.09,102,604,76
183,2022-12-27,14.5,17.75,0,17.75,5,491,1
184,2022-12-16,29.58,55.56,0,55.56,56,894,16
185,2022-11-26,58.94,75.17,0,75.17,17,366,71
186,2022-11-01,20.4,64.55,0,64.55,54,390,39
187,2023-01-01,30.92,15.11,0,15.11,56,871,93
188,2022-12-30,70.9,70.83,0,70.83,85,953,70
189,2022-11-11,33.79,33.59,0,33.59,33,11,55
190,2022-11-19,65.35,65.9,0,65.9,81,137,41
191,2023-01-03,59.23,95.13,0,95.13,49,613,26
192,2022-11-24,96.17,27.66,0,27.66,47,624,93
193,2022-11-28,56.12,88.57,0,88.57,89,505,23
194,2022-12-22,8.27,83.28,0,83.28,20,811,52
195,2022-12-19,52.01,46.2,0,46.2,60,134,23
196,2022-12-31,47.96,88.04,0,88.04,32,472,39
197,2022-12-18,12.01,98.83,0,98.83,46,265,44
198,2022-12-14,55.69,44.98,0,44.98,59,303,48
199,2022-11-16,77.64,93.3,0,93.3,62,103,41
200,2022-12-07,26.44,51.35,0,51.35,38,927,68
201,2022-11-22,45.92,86.89,0,86.89,12,624,66
202,2022-11-19,58.95,52.22,0,52.22,48,517,94
203,2022-10-27,18.43,58.25,0,58.25,99,109,49
204,2022-12-23,49.05,69.02,0,69.02,59,761,28
205,2022-11-14,50.38,53.83,0,53.83,58,769,43
206,2022-11-09,28.4,81.85,0,81.85,32,993,101
207,2022-11-06,51.57,70.79,0,70.79,20,263,75
208,2023-01-02,77.61,91.51,0,91.51,44,589,18
209,2022-11-28,51.25,85.74,0,85.74,84,977,37
210,2023-01-15,30.45,37.48,0,37.48,15,846,28
211,2022-11-28,86.02,12.12,0,12.12,87,830,50
212,2022-12-30,80.4,80.75,0,80.75,67,82,73
213,2022-11-23,99.26,14.52,0,14.52,56,982,20
214,2022-12-27,82.69,85.99,0,85.99,2,313,24
215,2022-12-10,38.79,78.91,0,78.91,19,285,40
216,2022-12-25,79.58,50.61,0,50.61,79,433,80
217,2023-01-01,56.83,97.8,0,97.8,96,185,6
218,2022-12-05,11.09,55.92,0,55.92,49,456,52
219,2022-10-26,86.46,69.23,0,69.23,22,951,85
220,2022-12-26,66.65,3.64,0,3.64,48,196,48
221,2022-11-10,3.38,21.19,0,21.19,27,592,26
222,2022-11-03,5.95,6.04,0,6.04,84,814,63
223,2022-11-01,36.51,0.07,0,0.07,96,349,69
224,2023-01-05,21.81,43.45,0,43.45,47,674,34
225,2023-01-12,33.02,38.54,0,38.54,52,249,15
226,2022-12-14,37.51,66.67,0,66.67,51,652,81
227,2023-01-09,49.67,63.64,0,63.64,48,952,99
228,2022-12-23,35.17,63.33,0,63.33,1,329,4
229,2022-11-23,25.33,61.22,0,61.22,84,626,94
230,2023-01-03,78.67,74.29,0,74.29,11,374,63
231,2022-12-30,61.34,66.27,0,66.27,103,778,95
232,2022-12-29,49.67,72.31,0,72.31,59,832,35
233,2022-11-26,78.1,92.38,0,92.38,71,706,55
234,2022-11-16,41.93,67.9,0,67.9,67,497,18
235,2023-01-08,66.82,40.25,0,40.25,3,321,70
236,2023-01-06,40.02,13.62,0,13.62,48,809,57
237,2022-11-10,92.43,36.38,0,36.38,30,350,76
238,2022-12-16,98.61,30.03,0,30.03,97,662,40
239,2022-11-18,87.17,60.42,0,60.42,22,585,100
240,2022-11-19,9.88,33.72,0,33.72,32,416,83
241,2023-01-14,3.17,69.73,0,69.73,24,948,22
242,2023-01-02,23.06,12.2,0,12.2,47,990,71
243,2022-11-29,12.58,23.62,0,23.62,25,98,56
244,2022-11-21,5.14,92.84,0,92.84,15,973,88
245,2022-12-19,35.67,59.52,0,59.52,90,111,18
246,2022-12-22,39.54,40.09,0,40.09,39,608,79
247,2023-01-07,57.36,35.51,0,35.51,32,674,75
248,2022-12-31,25.9,58.91,0,58.91,28,763,45
249,2022-11-23,89.07,9.93,0,9.93,13,405,36
250,2022-10-30,35.89,66.66,0,66.66,21,132,86
251,2022-12-24,65.08,49.16,0,49.16,90,578,6
252,2022-11-03,9.47,98.03,0,98.03,39,721,64
253,2022-10-28,64.02,21.75,0,21.75,13,241,73
254,2023-01-04,16.63,38.94,0,38.94,47,127,80
255,2023-01-14,25.63,10.83,0,10.83,85,524,59
256,2022-11-12,22.35,65.49,0,65.49,78,822,70
257,2022-11-15,22.21,10.92,0,10.92,78,95,61
258,2023-01-16,5.65,23.22,0,23.22,11,144,61
259,2023-01-01,26.03,53.57,0,53.57,49,340,95
260,2022-12-22,75.07,33.72,0,33.72,82,684,12
261,2022-11-06,4.59,41,0,41,83,937,20
262,2023-01-14,18.12,78.81,0,78.81,49,769,21
263,2022-12-14,4.74,72.67,0,72.67,6,570,70
264,2022-12-04,99.09,57.05,0,57.05,51,696,78
265,2022-11-17,60.12,44.5,0,44.5,73,628,99
266,2023-01-06,67.91,81.82,0,81.82,97,543,41
267,2023-01-04,58.28,73.7,0,73.7,16,14,23
268,2022-12-11,98.9,87.75,0,87.75,99,104,96
269,2022-10-29,32.83,36.49,0,36.49,58,335,85
270,2022-12-16,71.25,6.11,0,6.11,102,708,5
271,2023-01-09,34.38,55.47,0,55.47,78,992,64
272,2022-11-11,67.61,78.75,0,78.75,46,376,15
273,2023-01-03,3.34,97.69,0,97.69,12,427,39
274,2023-01-06,18.81,23.61,0,23.61,7,953,3
275,2022-12-03,39.79,88.81,0,88.81,87,145,30
276,2022-11-03,16.06,49.28,0,49.28,32,930,41
277,2023-01-01,93.49,49.59,0,49.59,31,228,15
278,2022-12-30,70.88,71.57,0,71.57,30,46,90
279,2022-12-31,41.75,68.18,0,68.18,46,412,63
280,2022-12-30,60.64,92.23,0,92.23,89,336,71
281,2022-11-23,93.19,57.64,0,57.64,28,977,27
282,2022-11-07,45.75,60.55,0,60.55,13,380,53
283,2022-12-30,21.12,68.56,0,68.56,64,387,44
284,2022-10-31,68.61,74.43,0,74.43,77,932,43
285,2022-11-01,60.41,58.88,0,58.88,35,590,21
286,2022-11-20,15.04,96.95,0,96.95,63,811,71
287,2022-11-17,46.07,93.47,0,93.47,21,297,70
288,2023-01-16,43.63,41.67,0,41.67,51,529,71
289,2022-12-02,47.92,2.12,0,2.12,25,501,19
290,2022-12-25,94,21.28,0,21.28,15,354,94
291,2022-12-19,15.62,88.63,0,88.63,80,593,82
292,2023-01-06,34.02,36.1,0,36.1,89,507,17
293,2022-11-15,95.08,36.63,0,36.63,73,573,53
294,2023-01-02,10.41,70.46,0,70.46,27,540,89
295,2022-11-12,75.66,22.14,0,22.14,25,644,92
296,2022-11-21,2.67,61.03,0,61.03,84,896,77
297,2022-12-08,54.52,12.83,0,12.83,98,955,103
298,2022-11-08,82.1,47.87,0,47.87,83,679,76
299,2023-01-16,61.1,55.1,0,55.1,47,769,65
300,2022-11-12,57.12,8.16,0,8.16,85,396,31
301,2022-12-04,80.32,93.78,0,93.78,22,360,11
302,2023-01-06,33.07,15.69,0,15.69,34,35,19
303,2022-12-05,80.54,46.27,0,46.27,84,713,103
304,2022-12-03,35.45,59.38,0,59.38,22,866,66
305,2022-12-25,86.74,76.66,0,76.66,60,434,56
306,2022-12-21,77.29,83.61,0,83.61,60,639,80
307,2022-12-12,86.55,93.53,0,93.53,42,486,44
308,2022-11-24,19.27,53.3,0,53.3,5,511,36
309,2022-12-04,62.97,54.57,0,54.57,60,105,81
310,2022-11-30,92.51,65.86,0,65.86,32,550,55
311,2022-11-20,7.11,31.12,0,31.12,62,382,49
312,2022-12-09,21.85,47.24,0,47.24,57,719,92
313,2023-01-13,64.29,4.23,0,4.23,77,615,17
314,2022-12-22,71.3,42.43,0,42.43,6,954,86
315,2022-12-18,59.99,19.72,0,19.72,89,927,103
316,2022-12-08,12.95,19.16,0,19.16,4,655,70
317,2022-11-07,81.52,9.14,0,9.14,35,421,20
318,2022-12-31,58.3,62.47,0,62.47,79,63,47
319,2022-11-03,90.15,99.23,0,99.23,83,511,20
320,2022-11-24,34.54,87.87,0,87.87,101,971,5
321,2023-01-08,3.95,90.42,0,90.42,43,295,22
322,2022-11-10,31.46,47.18,0,47.18,27,493,55
323,2022-12-01,49.57,3.22,0,3.22,17,233,68
324,2022-11-23,99.78,96.31,0,96.31,89,102,2
325,2022-11-05,46.48,41.63,0,41.63,38,496,42
326,2022-12-04,86.48,16.97,0,16.97,45,764,20
327,2022-11-02,33.2,75.06,0,75.06,75,729,80
328,2022-12-02,32.33,99.98,0,99.98,4,859,61
329,2022-11-13,34.68,17.87,0,17.87,47,417,64
330,2022-11-22,29.11,21.27,0,21.27,74,138,82
331,2022-12-22,6.81,70.18,0,70.18,38,884,69
332,2023-01-09,1.78,29.24,0,29.24,16,526,52
333,2022-12-13,27.55,38.75,0,38.75,19,908,95
334,2022-12-14,49.48,90.28,0,90.28,43,918,58
335,2022-11-13,96.81,53.64,0,53.64,58,391,85
336,2022-12-10,54.73,72.34,11.15,64.27,49,493,66
337,2022-12-17,35.51,50.11,0.72,49.75,97,525,11
338,2022-11-27,50.69,55.03,17.21,45.56,35,176,41
339,2022-11-03,99.88,24.9,82.23,4.42,34,439,10
340,2022-12-24,68.55,42.64,62.39,16.04,101,327,27
341,2022-12-21,53.82,45.02,87.03,5.84,13,807,26
342,2022-12-16,79.16,60.07,23.12,46.18,103,704,61
343,2023-01-06,75.9,5.89,48.11,3.06,87,793,78
344,2022-10-24,60.25,89.68,27.42,65.09,73,323,93
345,2023-01-11,86.38,71.61,33.54,47.59,91,132,80
346,2022-12-14,42.94,37.28,90.57,3.52,23,291,98
347,2022-12-24,4.31,35.47,26.63,26.02,1,484,12
348,2022-10-26,91.08,25.03,75.72,6.08,76,238,63
349,2022-11-11,92.45,84.25,7.87,77.62,74,397,76
350,2022-11-07,8.87,24.18,97.16,0.69,94,47,90
351,2023-01-13,21.52,58.18,44.6,32.23,31,845,19
352,2022-12-16,90.13,62.86,64.16,22.53,49,432,20
353,2022-12-03,72.38,32.68,72.29,9.06,97,984,2
354,2022-11-20,35.21,27.35,90.29,2.66,19,966,69
355,2022-11-03,68.63,21.73,88.9,2.41,96,307,79
356,2023-01-02,63.84,90.56,34.33,59.47,26,70,48
357,2022-12-23,4.24,38.65,79.75,7.83,50,627,33
358,2022-12-08,12.44,43.5,97.18,1.23,100,443,96
359,2022-12-15,24.57,30.38,88.19,3.59,67,820,25
360,2022-12-17,20.48,2.35,66.25,0.79,61,524,12
361,2022-11-11,89.71,99.11,44.37,55.13,9,732,103
362,2022-11-10,74.08,91.62,59.55,37.06,85,315,101
363,2023-01-13,48.66,62.27,63.41,22.78,81,386,35
364,2023-01-12,71.86,71.96,90.54,6.81,21,692,35
365,2022-12-26,1.67,55.61,61.35,21.49,49,779,91
366,2023-01-14,42.11,29.88,59.45,12.12,98,440,76
367,2022-10-30,35.89,34.19,33.41,22.77,43,651,90
368,2022-11-17,91.75,8.84,72.94,2.39,58,854,25
369,2023-01-08,5.95,22.08,21.67,17.3,66,972,52
370,2023-01-11,14.41,5.92,60.12,2.36,24,194,64
371,2022-12-19,46.02,18.51,81.22,3.48,47,98,74
372,2023-01-05,52.64,76.21,51.62,36.87,46,603,48
373,2022-12-23,64.77,8.68,68.22,2.76,96,450,57
374,2022-12-13,38.03,34.32,47.05,18.17,33,492,59
375,2023-01-05,47.31,21.61,17.55,17.82,58,625,78
376,2022-11-22,50.23,79.33,91.47,6.77,40,247,65
377,2023-01-12,37.14,46.53,91.11,4.14,35,349,24
378,2022-11-15,82.98,22.13,53.41,10.31,14,233,7
379,2023-01-11,36.36,43.47,26.13,32.11,72,865,73
380,2022-12-21,84.34,55.54,26.81,40.65,17,761,70
381,2022-11-29,73.68,32.97,57.02,14.17,102,964,83
382,2022-11-18,79.55,13.89,68.32,4.4,38,919,22
383,2022-10-29,43.08,1.53,16.97,1.27,30,956,31
384,2022-11-29,52.67,61.18,38.23,37.79,83,354,50
385,2022-11-25,50.11,99.65,50.05,49.78,67,537,50
386,2022-11-23,65.58,23.89,31.35,16.4,56,542,5
387,2022-12-16,91.28,94.36,52.21,45.09,62,389,93
388,2022-12-22,9.77,3.63,35.83,2.33,58,876,56
389,2023-01-13,13.44,88.36,48.24,45.74,51,983,74
390,2023-01-16,48.11,31.74,54.47,14.45,89,849,35
391,2022-12-22,93.66,27.32,89.17,2.96,77,516,46
392,2022-10-25,41.6,19.41,75.53,4.75,18,397,68
393,2022-11-12,5.8,75.15,75.82,18.17,75,107,53
394,2022-10-30,79.99,36.49,14.29,31.28,68,24,40
395,2022-12-23,49,30.27,77.2,6.9,45,434,11
396,2022-12-20,50.87,82.55,16.02,69.33,65,256,72
397,2022-12-27,80.44,21.54,72.82,5.85,98,505,84
398,2022-12-20,4.36,83.5,57.67,35.35,44,557,30
399,2023-01-14,63.03,90.43,56.66,39.19,77,697,57
400,2022-11-16,46.21,1.17,34.75,0.76,4,652,22
401,2022-11-26,69.61,82.82,45.4,45.22,43,427,101
402,2022-12-09,72.99,18.5,5.06,17.56,13,543,40
403,2022-11-28,4.21,21.35,48.59,10.98,57,346,80
404,2022-11-26,63.09,7.19,3.71,6.92,90,500,52
405,2022-11-13,84.81,98.24,10.71,87.72,47,146,2
406,2023-01-14,74.8,6.73,75.21,1.67,35,230,41
407,2023-01-12,58.21,25.1,58.43,10.43,58,553,75
408,2022-11-15,76.2,45.13,88.01,5.41,11,459,7
409,2022-12-05,71.28,67.79,69.74,20.51,40,798,6
410,2022-11-25,84.22,47.95,96.03,1.9,46,678,102
411,2022-10-26,99.48,85.42,60.16,34.03,50,233,70
412,2022-12-07,90.44,95.46,58.87,39.26,72,864,84
413,2022-10-24,21.42,56.65,74.62,14.38,96,619,67
414,2022-12-14,36.48,61.15,67.04,20.16,53,805,69
415,2022-11-24,69.76,96.62,86.91,12.65,103,288,91
416,2022-11-09,57.85,4.17,72.43,1.15,75,956,99
417,2022-11-03,31.21,28.58,31.59,19.55,30,765,58
418,2022-12-20,11.03,53.05,80.47,10.36,43,172,55
419,2023-01-13,98.62,67.32,25.06,50.45,15,516,48
420,2022-11-23,78.66,32.27,79.76,6.53,67,473,17
421,2023-01-15,72.35,40.34,53.8,18.64,39,83,53
422,2022-12-25,70.7,20.49,37.43,12.82,69,482,65
423,2022-12-04,64.19,10.07,49.81,5.05,40,965,71
424,2022-10-24,32.76,3.73,40.25,2.23,20,644,19
425,2022-12-18,21.8,36.43,32.38,24.63,56,884,93
426,2022-12-16,12.93,26.93,98.59,0.38,61,676,79
427,2022-11-17,42.3,2.64,92.86,0.19,47,45,53
428,2023-01-03,66.01,33.21,67.34,10.85,82,609,92
429,2023-01-08,66.7,7.75,61.08,3.02,42,313,83
430,2022-12-23,73.24,42.17,11.45,37.34,24,943,59
431,2022-12-09,59.1,21.73,14.24,18.64,97,450,22
432,2022-11-18,35.17,66.09,76.79,15.34,64,77,32
433,2022-12-28,85.52,88.44,85.94,12.43,31,414,103
434,2022-11-07,82.34,18.49,39.28,11.23,103,683,31
435,2022-12-20,99.08,3.64,74.1,0.94,6,99,30
436,2022-12-16,59.28,16.83,6.32,15.77,36,719,67
437,2022-10-31,1.45,84.15,72.25,23.35,75,783,14
438,2022-12-28,6.58,94.09,83.52,15.51,31,222,17
439,2023-01-13,19.46,3.84,73.32,1.02,12,398,93
440,2022-11-02,20.64,75.51,31.9,51.42,31,406,28
441,2022-11-23,88.04,42.78,85.33,6.28,85,419,22
442,2022-10-24,46.43,69.1,11.13,61.41,33,925,52
443,2023-01-08,48.18,17.31,19.01,14.02,23,940,98
444,2023-01-11,44.53,41.15,34.06,27.13,9,290,61
445,2022-10-30,85.11,57.58,6.37,53.91,39,187,95
446,2022-12-06,1.61,94.33,89.64,9.77,58,4,43
447,2022-12-24,9.03,69.24,32.3,46.88,44,506,16
448,2022-11-19,70.25,78.86,26.16,58.23,29,345,32
449,2022-10-26,52.04,30.01,68.23,9.53,103,524,38
450,2022-12-26,66.61,60.34,48.44,31.11,97,791,14
451,2022-12-26,55.73,11.9,64.25,4.25,78,106,36
452,2023-01-14,95.59,18.64,75.31,4.6,7,351,35
453,2022-12-13,81.97,60.27,16.03,50.61,16,929,89
454,2022-12-30,9.2,0.38,64.84,0.13,93,105,81
455,2022-11-03,39.01,2.85,98.73,0.04,65,732,101
456,2022-11-04,45.5,56.25,90.94,5.1,99,688,89
457,2022-11-08,67.7,34.09,20.93,26.95,48,188,67
458,2023-01-13,36.46,67.57,28.7,48.18,72,120,74
459,2023-01-08,17.51,60.52,10.48,54.18,57,985,13
460,2022-11-10,93.47,84.15,9.21,76.4,32,268,54
461,2023-01-06,28.86,52.6,34.13,34.65,97,466,12
462,2023-01-02,95.81,92.78,34.1,61.14,14,722,35
463,2022-12-03,92.41,49.25,57.05,21.15,58,946,103
464,2023-01-01,60.69,80.66,78.4,17.42,84,320,51
465,2022-11-08,6.99,93.75,41.57,54.78,63,255,36
466,2023-01-14,5.56,93.61,70.32,27.78,30,726,65
467,2022-12-17,40.52,73.64,12.87,64.16,99,723,17
468,2022-12-23,76.26,20.69,20.98,16.35,12,949,34
469,2022-12-04,70.57,72.07,56.49,31.36,28,83,13
470,2023-01-05,32.73,46.67,80.79,8.97,32,702,6
471,2023-01-09,72.01,80.85,4.01,77.61,14,954,96
472,2022-12-19,87.97,40.74,81.77,7.43,4,328,67
473,2022-10-30,93.23,98.01,17.63,80.73,63,421,40
474,2022-11-14,84.57,62,58.41,25.79,23,518,44
475,2022-11-19,64.02,44.12,49.57,22.25,70,963,3
476,2022-12-02,22.63,92.08,40.89,54.43,4,740,89
477,2022-12-16,71.92,31.12,51.66,15.04,40,82,18
478,2022-10-26,91.3,77.73,11.51,68.78,1,717,79
479,2022-12-24,34.89,57.14,93.82,3.53,16,153,48
480,2022-11-09,2.13,2.06,48.73,1.06,93,296,98
481,2022-12-31,8.02,58.74,99.68,0.19,17,180,56
482,2023-01-09,33.38,79.88,74.42,20.43,36,907,20
483,2022-12-10,78.31,3.2,55.67,1.42,28,434,65
484,2023-01-15,38.85,92.22,46.56,49.28,49,130,27
485,2023-01-03,90.46,28.49,47.15,15.06,10,656,80
486,2022-11-16,71.2,97.53,58.17,40.8,61,850,95
487,2022-11-22,25.12,21.49,96.13,0.83,45,453,90
488,2023-01-15,89.67,34.39,70.5,10.15,3,769,62
489,2022-12-28,84.88,73.05,79.99,14.62,61,479,98
490,2022-11-24,26.85,60.26,83.78,9.77,70,223,39
491,2022-11-30,62.25,73.18,23.63,55.89,83,385,94
492,2022-12-28,25.63,77.03,79.53,15.77,20,787,45
493,2023-01-15,93.8,11.61,93.1,0.8,43,282,71
494,2023-01-11,7.54,41.36,46.06,22.31,101,412,19
495,2022-11-25,11.82,10.08,92.01,0.81,66,507,96
496,2022-12-03,16.62,97.01,33.63,64.39,76,926,25
497,2022-12-24,9.46,53.37,69.82,16.11,65,279,36
498,2022-11-19,49.99,72.45,52.54,34.38,34,838,94
499,2022-12-01,29.04,61.81,8.74,56.41,9,449,92
500,2022-12-04,44.75,63.25,42.66,36.27,90,260,71
501,2023-01-15,73.46,65.82,65.76,22.54,9,63,18
502,2023-01-14,38.41,66.09,86.42,8.98,72,340,29
503,2022-12-11,80.69,53.7,4.79,51.13,58,746,2
504,2022-12-26,32.54,23.98,65.52,8.27,75,810,87
505,2022-11-05,11.27,62.64,70.6,18.42,64,310,28
506,2022-12-13,37.32,85.96,43.46,48.6,97,834,71
507,2022-12-12,16.63,31.11,4.01,29.86,65,308,53
508,2022-11-13,41.63,21.59,52.7,10.21,53,667,60
509,2023-01-14,66.55,25.99,37.17,16.33,63,42,62
510,2022-11-22,30.39,49.31,66.71,16.42,13,202,82
511,2023-01-14,37.55,23.17,44.82,12.79,39,662,69
512,2023-01-08,41.86,85.35,80.56,16.59,75,514,41
513,2022-12-19,42.24,79.38,84.85,12.03,13,787,21
514,2022-10-24,81.13,10.56,28.48,7.55,72,545,101
515,2022-11-04,51.37,56.34,35.65,36.25,50,260,85
516,2022-12-09,76.39,83.77,56.73,36.25,85,830,71
517,2022-12-14,34,30.04,13.59,25.96,29,32,35
518,2022-12-12,81.93,86.35,31.56,59.1,47,652,94
519,2022-11-26,29.78,82.61,48.83,42.27,53,971,24
520,2023-01-13,77.34,49.53,84.45,7.7,36,580,91
521,2022-12-30,31.26,23.19,1.06,22.94,56,514,43
522,2022-10-28,70.05,52.88,52.01,25.38,30,10,81
523,2022-12-10,46.45,29.52,99.97,0.01,24,71,21
524,2022-12-21,69.46,97.57,89.54,10.21,99,120,49
525,2022-11-17,37.77,67.21,12.13,59.06,29,375,25
526,2022-12-24,39.42,26.51,82.02,4.77,97,936,24
527,2022-11-25,87.83,15.38,16.52,12.84,59,633,61
528,2022-10-31,19.45,10.72,32.34,7.25,97,633,81
529,2022-12-11,96.77,33.46,64.76,11.79,5,602,86
530,2023-01-11,93.92,59.5,57.56,25.25,12,666,52
531,2022-10-28,5.7,94.57,98.57,1.35,93,633,42
532,2022-12-06,15.14,98.39,73.7,25.88,24,300,70
533,2022-11-15,77.55,19.95,63.88,7.21,66,984,81
534,2022-11-04,48.68,27.6,27.93,19.89,37,518,54
535,2022-12-21,48.07,85.59,35.61,55.11,33,769,3
536,2022-12-12,57.74,27.39,94.25,1.57,8,365,76
537,2022-12-17,74.81,75.63,90.16,7.44,78,827,71
538,2022-11-25,15.07,81.98,72.45,22.59,51,601,41
539,2022-12-17,95.19,57.19,73.46,15.18,84,370,40
540,2022-10-29,73.68,82.98,74.31,21.32,86,638,97
541,2022-12-18,98.72,54.18,32.37,36.64,40,466,91
542,2022-12-16,11.66,54.14,25.94,40.1,38,4,25
543,2022-11-29,68.8,15.86,36.56,10.06,99,653,94
544,2022-12-24,88.88,51.03,93.33,3.4,45,401,93
545,2022-12-04,84.17,81.56,78.31,17.69,25,271,82
546,2022-10-29,68.2,6.2,73.91,1.62,89,638,71
547,2022-12-04,96.09,89.27,17.81,73.37,90,663,46
548,2022-11-12,18.51,51.25,43.46,28.98,2,629,55
549,2022-10-26,92.58,97.45,1.49,96,43,392,74
550,2022-11-21,10.31,75.8,59.79,30.48,5,97,24
551,2023-01-13,16.29,95.89,17.89,78.74,40,996,32
552,2022-11-14,40.19,82.64,71.52,23.54,32,153,41
553,2022-10-26,26.7,52.9,13.35,45.84,39,483,73
554,2022-12-26,81.44,12.49,39.65,7.54,19,185,78
555,2022-12-25,17.02,17.41,28.48,12.45,19,118,6
556,2022-12-07,66.13,20.7,68.78,6.46,69,925,38
557,2023-01-05,65.23,4.46,67.61,1.44,14,81,32
558,2023-01-13,48.37,62.85,70.24,18.7,50,214,43
559,2022-11-20,43.84,92.57,11.12,82.28,11,936,15
560,2022-11-15,70.49,74.29,23.81,56.6,17,876,46
561,2023-01-04,67.21,59.44,85.76,8.46,72,902,2
562,2022-11-09,13.42,21.93,98.67,0.29,75,142,25
563,2023-01-10,10.69,38.64,88.04,4.62,45,128,30
564,2023-01-15,48.6,25.46,62.03,9.67,73,653,7
565,2022-12-14,16.82,11.3,40.16,6.76,103,655,102
566,2022-12-08,62.27,35.54,79.38,7.33,1,163,75
567,2022-12-13,6.26,72.13,58.11,30.22,10,160,68
568,2023-01-09,87.81,43.61,83.02,7.4,58,278,64
569,2022-12-04,43.53,90.43,74.32,23.22,57,292,32
570,2023-01-10,48.16,30.2,40.1,18.09,13,794,50
571,2022-11-08,82.55,35.35,7.56,32.68,50,103,92
572,2022-11-05,32.68,25.15,63,9.31,103,271,71
573,2023-01-15,10.25,40.01,53.84,18.47,31,60,88
574,2023-01-05,21.28,28.07,92.51,2.1,23,874,76
575,2022-12-02,60.17,18.76,15.48,15.86,20,991,56
576,2023-01-09,6.16,88.53,90.98,7.99,69,734,35
577,2022-12-25,14.93,65.49,27.07,47.76,9,644,67
578,2022-12-19,9.7,48.41,59.44,19.64,71,593,45
579,2023-01-08,30.74,82.56,78.2,18,9,446,80
580,2022-11-30,46.1,89.76,83.31,14.98,79,453,29
581,2022-12-27,91.32,90.35,35.14,58.6,72,764,13
582,2023-01-13,53.65,66.35,34.93,43.17,103,221,60
583,2023-01-15,57.29,46.62,59.38,18.94,32,923,34
584,2022-12-05,31.93,34.29,31.75,23.4,62,547,68
585,2023-01-09,50.62,30.81,83.56,5.07,67,226,27
586,2022-11-27,14.55,14.22,97.5,0.36,3,972,13
587,2022-12-13,2.38,10.45,79.05,2.19,37,711,22
588,2022-11-20,55.38,54.35,53.69,25.17,98,136,37
589,2022-11-05,56.09,66.05,21.8,51.65,52,450,46
590,2022-12-03,85.36,65.42,57.64,27.71,15,951,34
591,2022-12-29,99.68,15.84,2.37,15.46,80,391,37
592,2022-12-09,37.47,14.82,54.21,6.79,9,248,4
593,2022-11-06,33.8,20.37,9.88,18.36,22,643,8
594,2022-12-18,66.98,6.8,91.69,0.57,20,677,59
595,2022-11-03,90.64,38,48.16,19.7,50,374,67
596,2022-11-27,94.6,55.98,94.31,3.19,99,43,60
597,2022-11-24,5.12,12.83,85.24,1.89,95,596,62
598,2022-11-02,3.69,38.18,50.04,19.07,77,337,68
599,2022-12-01,34.99,58.99,1.86,57.89,53,728,42
600,2023-01-08,95.72,93.03,78.99,19.55,64,191,39
601,2022-10-28,78.36,34.25,75.33,8.45,98,220,76
602,2022-11-30,9.01,2.74,31.95,1.86,27,845,40
603,2022-11-21,43.72,25.7,95.02,1.28,20,166,100
604,2022-12-31,91.08,76.27,61.69,29.22,24,379,74
605,2022-12-26,63.85,26.99,80.71,5.21,42,588,85
606,2022-11-15,33.5,88.74,64.51,31.49,13,377,2
607,2022-12-17,15.01,1.3,22.5,1.01,3,607,2
608,2022-12-08,90.93,79.79,6.61,74.52,16,375,51
609,2023-01-10,50.68,8.91,33.2,5.95,45,941,103
610,2022-11-25,32.46,35.93,55.15,16.11,8,372,31
611,2022-12-17,19.99,55.23,78.37,11.95,74,674,14
612,2023-01-16,37.91,78.46,50.38,38.93,78,809,74
613,2022-11-17,41.73,28.81,85.13,4.28,101,968,9
614,2022-10-28,9.06,38.66,5.16,36.67,96,837,80
615,2022-12-11,94.52,76.15,70.25,22.65,59,855,26
616,2022-12-29,15.43,35.62,43.51,20.12,42,348,93
617,2023-01-08,34.77,63.19,52.17,30.22,2,337,62
618,2022-10-31,55.34,6.96,88.94,0.77,2,982,73
619,2022-10-26,81.66,61.05,4.04,58.58,12,128,61
620,2022-12-30,14.52,3.89,39.29,2.36,41,516,97
621,2022-12-26,26.73,53.14,44.5,29.49,30,512,19
622,2022-10-30,60.82,79.37,8.52,72.61,40,643,80
623,2022-12-07,35.44,75.37,35.57,48.56,98,18,37
624,2023-01-06,2.96,9.33,89.69,0.96,69,353,78
625,2022-11-08,3.8,66.05,0.85,65.49,61,637,11
626,2022-12-19,86.73,11.12,52.68,5.26,75,677,79
627,2022-10-24,75.64,24.77,17.27,20.49,7,731,48
628,2022-11-03,69.75,95.39,20.37,75.96,73,262,3
629,2022-11-02,79.59,99.1,40.4,59.06,29,947,38
630,2022-11-28,32.99,52.91,14.06,45.47,3,389,62
631,2022-11-23,85.93,26.07,6.17,24.46,25,921,25
632,2022-11-28,26.79,98.48,28.76,70.16,55,991,88
633,2022-12-30,36.07,66.55,65.82,22.75,49,167,1
634,2022-11-01,18.08,47.99,23.63,36.65,43,586,19
635,2022-11-23,38.57,73.23,30.89,50.61,73,958,40
636,2023-01-04,64.04,65.26,88.22,7.69,66,1000,33
637,2022-12-19,41.09,17.26,42.2,9.98,8,395,72
638,2022-12-04,83.19,36.52,66.42,12.26,103,144,26
639,2022-10-25,55.05,45.77,22.68,35.39,17,562,60
640,2022-10-27,76.86,73.92,93.72,4.64,51,807,59
641,2022-11-04,30.61,1.67,30.42,1.16,57,248,1
642,2022-12-02,29.32,97.34,17.72,80.09,89,875,44
643,2022-10-28,25.91,67.02,9.56,60.61,11,896,8
644,2022-11-04,28.33,15.05,83.96,2.41,12,171,70
645,2022-11-12,81.2,5.25,6.08,4.93,32,198,69
646,2022-12-15,21.09,92.09,40.47,54.82,40,710,88
647,2022-12-16,94.63,1.54,72.43,0.42,87,575,27
648,2022-12-13,13.32,2.48,92.04,0.2,102,747,8
649,2022-11-19,57.25,12.01,94.65,0.64,66,25,5
650,2022-11-12,80.74,19.87,81.51,3.67,52,975,12
651,2022-12-04,59.07,50.13,29.6,35.29,23,599,96
652,2022-12-24,68.28,9.9,11.04,8.81,38,562,33
653,2022-12-04,24.39,94.67,56.22,41.45,36,610,6
654,2022-11-27,12.93,14.7,78.86,3.11,3,402,5
655,2022-10-28,10.41,92.82,65.37,32.14,84,954,72
656,2022-11-17,91.35,8.06,48.43,4.16,15,859,64
657,2022-12-26,92.6,8.79,55.89,3.88,96,835,57
658,2022-12-18,93.38,94.4,34.97,61.39,19,468,51
659,2022-11-14,57.97,63.33,39.58,38.26,31,685,23
660,2022-11-16,64.24,54.46,89.3,5.83,90,88,50
661,2022-12-11,89.96,54.17,9.23,49.17,53,601,46
662,2023-01-06,74.83,41.9,84.38,6.54,69,778,24
663,2022-12-10,66.7,76.26,81.7,13.96,74,126,11
664,2022-12-16,91.7,69.99,25.54,52.11,45,954,91
665,2022-11-16,25.69,50.23,28.18,36.08,29,65,96
666,2023-01-09,17.93,59.67,65.24,20.74,91,647,8
667,2022-12-02,79.09,99.27,66.17,33.58,41,923,49
668,2022-12-19,62.26,48.84,41.48,28.58,100,872,79
669,2022-11-30,88.89,13.73,86.59,1.84,6,763,41
670,2022-10-31,21.25,67.8,43.69,38.18,7,987,24
671,2022-11-11,23.08,44.36,84.44,6.9,4,380,46
672,2022-12-15,25.69,71.51,45.2,39.19,92,275,82
673,2022-11-22,78.87,20.73,12.17,18.21,97,875,15
674,2022-11-19,8.8,73.86,64.77,26.02,93,947,3
675,2022-12-15,97.92,98.25,58.31,40.96,56,501,56
676,2023-01-10,66.53,57.15,59.27,23.28,38,263,80
677,2022-12-04,53.11,5.75,99.45,0.03,47,387,68
678,2023-01-11,68.13,32.54,76.43,7.67,68,988,4
679,2023-01-11,37.19,32.34,90.87,2.95,78,909,76
680,2023-01-04,6.2,87.95,24.22,66.65,86,162,66
681,2023-01-09,63.01,1.24,5.82,1.17,86,392,30
682,2022-12-22,70.38,37.42,53.82,17.28,2,95,54
683,2022-12-01,33.73,41.79,87.35,5.29,92,436,1
684,2023-01-12,43.59,11.82,83.24,1.98,27,140,16
685,2022-11-22,42.73,40.77,98.03,0.8,56,83,46
686,2022-12-08,5.51,73.04,13.53,63.16,48,402,59
687,2023-01-14,33.71,41.42,88.09,4.93,78,504,31
688,2023-01-11,1.86,55.63,85.22,8.22,36,434,90
689,2022-11-26,42.31,58.85,69.78,17.78,16,930,90
690,2022-12-18,68.5,79.35,31.94,54.01,6,136,43
691,2022-12-11,73.52,41.23,68.81,12.86,2,85,27
692,2022-11-04,47.08,43.32,24.95,32.51,84,965,81
693,2022-11-13,39.13,72.52,98.88,0.81,12,534,95
694,2022-12-07,82.9,10.89,31.29,7.48,60,386,18
695,2022-11-28,93.2,33.57,29.28,23.74,7,435,13
696,2022-12-10,78.35,41.17,58.38,17.13,17,77,10
697,2022-10-27,59.01,59.98,89.99,6,27,56,18
698,2022-12-16,40.15,9.48,58.82,3.9,94,261,36
699,2023-01-10,12.1,96.17,26.11,71.06,95,101,59
700,2022-10-30,70.22,92.79,86.99,12.07,62,556,96
701,2023-01-09,76.13,93.95,75.48,23.04,103,934,16
702,2022-12-11,97.91,78.92,68.75,24.66,4,83,12
703,2023-01-08,34.33,77.98,14.05,67.02,29,771,23
704,2022-10-24,31.25,82.87,86.67,11.05,52,951,46
705,2022-12-05,44.35,31.71,41.01,18.71,67,851,52
706,2022-11-06,12.92,25.45,21.31,20.03,19,218,16
707,2022-11-05,90.55,17.99,72.57,4.93,36,650,55
708,2022-11-16,53.37,38.12,57.49,16.2,25,589,12
709,2023-01-09,50.34,86.29,20.34,68.74,11,26,70
710,2022-12-19,17.13,31.91,42.23,18.43,84,665,6
711,2023-01-13,2.42,35.38,48.36,18.27,72,536,71
712,2022-12-25,46.39,31.6,61.35,12.21,100,1,35
713,2022-11-16,44.56,17.26,75.61,4.21,60,608,31
714,2022-12-02,12.58,1.23,47.34,0.65,78,771,5
715,2022-11-24,45.04,36.72,45.07,20.17,35,349,94
716,2022-12-07,97.51,32.44,8.24,29.77,17,744,102
717,2022-11-14,43.57,38.3,96.99,1.15,100,361,76
718,2022-11-26,72.67,88.25,87.84,10.73,62,141,83
719,2023-01-07,67.86,51.38,82.38,9.05,20,350,87
720,2022-12-04,34.44,17.62,17.4,14.55,95,114,68
721,2022-11-16,18.69,40.92,1.85,40.16,64,427,69
722,2023-01-12,16.88,29.89,82.23,5.31,28,704,23
723,2022-11-21,84.81,70.96,62.05,26.93,9,903,101
724,2022-11-03,2.17,30.25,2.8,29.4,43,794,37
725,2023-01-10,21.21,0.03,27.64,0.02,7,211,76
726,2022-10-24,61.33,9.79,53.84,4.52,89,838,80
727,2022-12-23,49.26,70.22,97.75,1.58,76,102,96
728,2022-11-16,96.62,63.29,89.51,6.64,90,810,65
729,2022-12-29,64.84,52.46,80.22,10.38,90,16,1
730,2022-12-03,74.25,25.68,4.3,24.58,29,516,3
731,2022-12-01,42.84,18.58,61.74,7.11,39,145,14
732,2022-11-23,77.38,34.14,73.9,8.91,75,943,12
733,2022-11-28,48.57,89.76,57.98,37.72,63,575,73
734,2022-10-25,79.25,51.21,52.05,24.56,62,21,31
735,2023-01-04,3.85,66.13,97.27,1.81,90,774,88
736,2022-10-27,51.46,42.23,83.89,6.8,43,153,39
737,2022-10-30,69.16,56.58,58.09,23.71,35,243,7
738,2022-11-08,26.81,39.13,29.28,27.67,46,833,79
739,2022-11-21,95.44,66.54,32.84,44.69,94,994,92
740,2022-11-20,26.35,22.79,60.45,9.01,20,761,11
741,2022-12-19,24.44,80.83,71.94,22.68,82,322,46
742,2023-01-15,77.96,50.44,82.14,9.01,2,314,8
743,2023-01-10,33.04,14.44,41.46,8.45,60,258,103
744,2022-12-27,41.61,44.25,36.45,28.12,93,946,75
745,2022-12-25,50.72,17.61,62.48,6.61,82,590,36
746,2022-12-13,18.9,11.77,55.18,5.28,47,334,3
747,2022-12-08,75.62,98.09,65.86,33.49,41,352,94
748,2022-12-17,32.04,45.22,75.05,11.28,97,780,73
749,2023-01-02,70.29,74.14,45.8,40.18,36,492,75
750,2022-11-22,56.37,46.57,80.84,8.92,41,996,82
751,2022-11-22,5.22,91.43,76.57,21.42,50,458,23
752,2022-10-29,25.3,49.88,63.47,18.22,76,990,10
753,2022-12-15,35.51,54.14,35.63,34.85,33,610,92
754,2022-11-01,11.27,47.82,18.45,39,73,182,48
755,2022-11-16,66.63,34.35,69.12,10.61,101,135,72
756,2023-01-08,82.77,35.28,47.23,18.62,40,229,75
757,2022-10-24,78.7,81.73,92.25,6.33,52,888,11
758,2022-11-27,86,70.11,26.73,51.37,5,314,55
759,2022-11-05,10.11,1.7,80.81,0.33,31,839,2
760,2023-01-01,71.68,79.26,92.49,5.95,60,125,17
761,2023-01-08,26.31,22.41,46.14,12.07,40,896,70
762,2022-11-04,21.43,76.58,7.25,71.03,80,845,85
763,2023-01-12,98.38,36.64,20.99,28.95,102,384,31
764,2023-01-05,77.81,38.68,78.46,8.33,15,180,46
765,2022-12-13,85.41,65.2,13.14,56.63,76,103,85
766,2022-11-26,74.42,96.24,82.52,16.82,10,78,50
767,2022-10-24,20.11,34.56,1.11,34.18,93,938,44
768,2022-11-16,40.22,13.86,8.01,12.75,57,527,24
769,2022-11-02,5.97,69.79,30.9,48.22,54,905,22
770,2022-12-18,86.19,91.45,46.71,48.73,88,447,78
771,2023-01-13,74.54,31.33,4.63,29.88,88,368,31
772,2022-12-10,21.66,55.22,55.34,24.66,101,307,43
773,2022-10-25,20.11,72.86,67.08,23.99,91,497,21
774,2022-11-24,56.12,49.58,88.27,5.82,14,515,23
775,2022-12-25,12.77,35.73,19.68,28.7,37,499,69
776,2022-11-01,25.73,56.44,64.22,20.19,85,779,72
777,2022-10-28,81.24,25.9,91.53,2.19,74,651,87
778,2022-11-18,9.22,58.8,69.15,18.14,50,741,53
779,2022-10-29,23.58,51.39,89.75,5.27,86,178,89
780,2023-01-05,33.29,39.93,17.2,33.06,37,810,73
781,2022-12-06,40.3,55.42,56.9,23.89,40,197,86
782,2022-12-18,67.11,10.59,43.37,6,67,191,103
783,2022-12-15,89.92,35.02,49.86,17.56,2,544,28
784,2023-01-15,29.31,22.46,84.69,3.44,102,476,86
785,2022-11-30,41.65,9.92,2.91,9.63,68,944,75
786,2023-01-05,64.13,99.23,20.62,78.77,76,539,5
787,2022-11-11,91.48,94.38,65.17,32.87,17,229,90
788,2022-10-27,58.3,82.37,64.88,28.93,24,857,27
789,2022-11-13,25.56,83.2,59.99,33.29,46,221,40
790,2023-01-12,8.06,99.98,27.87,72.12,44,825,67
791,2022-11-08,1.65,40.72,77.57,9.13,63,8,101
792,2022-11-27,59.22,64.74,29.45,45.67,72,925,60
793,2022-11-04,99.71,29.46,25.79,21.86,85,628,5
794,2022-11-09,78.62,81.42,59.82,32.71,6,727,4
795,2022-11-21,78.26,84.16,33.22,56.2,5,485,99
796,2022-11-07,79.7,90.71,35.75,58.28,19,467,12
797,2022-11-19,91.89,1.23,65.44,0.43,69,490,65
798,2022-10-28,84.38,16.35,57.61,6.93,42,125,36
799,2022-11-09,96.38,20.96,8,19.28,33,596,86
800,2022-12-09,38.34,34.16,40.76,20.24,35,147,30
801,2022-11-07,29.6,92.55,0.71,91.89,26,35,35
802,2022-11-19,88.24,61.73,36.15,39.41,91,746,8
803,2022-12-19,42.48,49.11,38.77,30.07,85,763,38
804,2022-11-25,59.61,15.39,1.07,15.23,53,36,51
805,2022-11-27,65.38,2.21,93.72,0.14,93,321,84
806,2022-11-19,53.4,87.39,28.9,62.13,1,57,53
807,2022-11-22,15.57,84.08,62.55,31.49,4,20,59
808,2022-10-27,63.09,18.21,26.59,13.37,20,942,31
809,2022-12-15,68.69,78,13.62,67.38,91,852,96
810,2022-12-02,20.54,75.41,23.46,57.72,22,116,50
811,2022-11-01,41.89,16.22,36.78,10.25,80,405,55
812,2022-11-12,45.48,95.01,29.4,67.08,31,961,71
813,2022-11-09,16.2,18.61,94.87,0.95,47,305,26
814,2022-11-23,9.65,68.7,51.99,32.98,30,543,45
815,2023-01-10,48.52,6.53,39.33,3.96,43,152,68
816,2023-01-13,3.29,92.37,49.88,46.3,93,670,74
817,2022-12-19,51.59,60.26,74.55,15.34,18,630,65
818,2022-12-09,81.83,86.94,64.13,31.19,3,182,48
819,2023-01-13,66.43,79.58,24.35,60.2,8,508,5
820,2022-11-03,32.79,54.4,70.15,16.24,49,285,37
821,2022-12-06,98.42,15.88,78.48,3.42,96,264,88
822,2023-01-08,52.43,59.89,43.07,34.1,103,664,80
823,2022-12-08,31.05,22.86,20.32,18.21,61,176,82
824,2022-11-27,22.34,6.66,37.53,4.16,95,60,65
825,2022-10-29,39.59,85.1,63.86,30.76,54,262,16
826,2022-12-06,57.7,35.41,53.48,16.47,98,350,40
827,2022-11-01,37.8,39.17,15.9,32.94,55,750,103
828,2022-10-29,81.69,12.16,29.14,8.62,99,609,76
829,2022-10-26,28.41,32.52,5.68,30.67,74,340,77
830,2022-12-12,99.18,48.18,71.06,13.94,3,10,67
831,2022-11-11,36.06,9.05,93.89,0.55,85,457,92
832,2022-12-17,25.83,57.07,32.07,38.77,19,514,54
833,2022-11-23,41.47,60.69,4.44,58,95,476,84
834,2022-11-21,8.71,47.54,90.95,4.3,74,884,18
835,2022-12-23,36.52,19.43,4.54,18.55,55,128,49
836,2022-11-13,24.56,8.79,13.78,7.58,40,459,15
837,2022-11-13,98.78,75.76,74.93,18.99,93,457,99
838,2022-10-27,96.97,75.61,18.83,61.37,6,130,24
839,2022-12-25,1.36,39.06,49.91,19.57,70,900,49
840,2022-11-19,32.99,31.94,14.45,27.32,12,809,32
841,2023-01-11,92.21,86.33,12.59,75.46,21,220,19
842,2023-01-04,20.23,13.29,49.78,6.67,45,739,91
843,2022-11-21,46.81,66.87,5.03,63.51,101,275,19
844,2023-01-11,43.09,3.13,27.77,2.26,86,77,50
845,2023-01-09,79.36,67.39,39.85,40.54,103,675,63
846,2022-12-09,6.61,3.77,26.75,2.76,19,468,63
847,2023-01-02,15.99,67.75,29.42,47.82,51,768,97
848,2022-11-30,60.54,45.39,49.06,23.12,3,309,10
849,2022-10-31,70.47,45.02,38.41,27.73,26,520,72
850,2022-11-18,70.49,69.34,39.38,42.03,6,20,46
851,2022-11-02,42.94,30.25,40.87,17.89,96,140,31
852,2023-01-16,5.99,84.94,92.17,6.65,61,545,14
853,2022-11-05,85.37,11.26,54,5.18,97,12,76
854,2022-11-12,68.43,33.99,23.47,26.01,55,398,54
855,2022-11-19,78.26,27.64,7.32,25.62,38,738,65
856,2023-01-08,93.06,46.53,93.27,3.13,62,641,16
857,2022-12-09,39.86,93.72,40.34,55.91,65,214,85
858,2022-11-29,23.46,75.57,58.6,31.29,68,154,7
859,2022-12-02,5.39,78.97,59.96,31.62,66,119,71
860,2022-11-11,69.39,90.89,54.62,41.25,40,443,101
861,2022-11-08,85.53,48.07,97.77,1.07,62,296,20
862,2022-11-18,12.1,27.22,78.71,5.8,52,264,19
863,2022-11-13,94.96,31.59,72.97,8.54,84,415,92
864,2023-01-09,33.06,6.7,12.74,5.85,25,11,1
865,2022-11-11,95.69,72.43,51,35.49,22,121,41
866,2022-12-09,22.02,95.21,71.78,26.87,4,936,85
867,2022-11-27,63.22,21.57,32.05,14.66,102,116,73
868,2022-12-10,42.77,31.32,93.17,2.14,101,547,39
869,2022-11-05,31.99,87.17,35.23,56.46,41,525,87
870,2022-11-13,48.3,31.13,39.63,18.79,73,625,88
871,2022-10-30,13.4,55.23,90.49,5.25,50,523,65
872,2023-01-14,82.78,10.72,31.9,7.3,80,105,59
873,2023-01-04,41.9,92.48,64.83,32.53,13,969,41
874,2022-10-28,45.77,62.75,76.26,14.9,6,21,64
875,2022-11-06,83.6,13.78,75.36,3.4,15,807,14
876,2022-12-02,63.19,61.68,84.05,9.84,87,584,10
877,2022-11-05,23.46,34.24,12.02,30.12,57,716,8
878,2022-10-30,98.58,74.73,93.71,4.7,2,471,67
879,2022-11-09,82.01,67.63,85.04,10.12,66,121,62
880,2022-11-05,20.14,71.48,56.93,30.79,99,513,87
881,2023-01-13,38.66,43.79,83.22,7.35,99,774,44
882,2023-01-02,56.88,45.03,0.43,44.84,88,601,33
883,2023-01-06,66.72,38.96,8.37,35.7,79,150,24
884,2022-12-18,39.5,48.14,26.94,35.17,15,493,23
885,2022-11-24,4.52,9.65,90.96,0.87,30,487,15
886,2023-01-07,72.33,2.64,32.75,1.78,31,860,32
887,2023-01-10,85.23,93.78,21.78,73.35,49,351,52
888,2022-12-03,63.01,52.01,17.43,42.94,43,553,92
889,2022-12-13,73.11,50.16,17.4,41.43,53,463,24
890,2022-12-29,63.08,55.66,25.66,41.38,67,716,11
891,2022-11-25,80.27,44.07,42.62,25.29,34,312,87
892,2023-01-03,49.3,82.38,45.41,44.97,37,882,68
893,2022-12-20,61.11,68.2,49.13,34.69,60,351,96
894,2022-11-25,68.17,95.11,71.73,26.89,103,641,11
895,2023-01-01,77.99,2.43,56.03,1.07,7,757,71
896,2022-12-22,6.06,30.38,56.49,13.22,13,383,61
897,2022-11-21,80.11,11.91,92.84,0.85,47,816,55
898,2023-01-12,73.61,24.6,79.7,4.99,68,202,5
899,2022-12-07,68.56,49.91,79.1,10.43,72,531,24
900,2022-12-29,94.57,75.02,12.18,65.88,69,490,72
901,2023-01-05,10.26,3.97,50.87,1.95,97,561,1
902,2022-11-23,67.5,5.49,47.52,2.88,32,457,101
903,2022-12-04,30.76,26.76,17.77,22,35,964,50
904,2022-12-03,69.81,67.07,19.87,53.74,12,662,55
905,2022-12-22,82.45,52.73,77.59,11.82,24,460,66
906,2022-11-24,98.06,60.77,20.8,48.13,5,349,80
907,2023-01-09,76.31,52.61,99.38,0.33,34,724,41
908,2022-11-08,30.17,17.19,53.16,8.05,56,766,84
909,2022-11-12,49.01,11.91,1.39,11.74,43,428,8
910,2022-11-02,99.21,76.59,4.48,73.16,2,565,99
911,2022-11-23,72.44,13.46,63.64,4.89,18,290,75
912,2023-01-14,36.74,53.74,79.46,11.04,69,97,65
913,2023-01-01,13.93,8.04,79.19,1.67,98,149,53
914,2022-12-12,71.73,20.37,65.75,6.98,77,755,51
915,2023-01-01,92.12,42.4,96.41,1.52,71,144,5
916,2022-12-03,59.01,18.6,37.52,11.62,100,537,64
917,2022-11-23,4.83,64.21,15.15,54.48,98,801,1
918,2022-12-12,70.98,41.86,62.87,15.54,91,406,22
919,2022-12-23,17.98,6.92,18.09,5.67,103,414,20
920,2022-11-19,23.53,55.91,93.27,3.76,35,994,12
921,2022-12-11,33.15,61.94,41.43,36.28,33,805,33
922,2022-11-14,46.46,93.33,19.62,75.02,37,934,62
923,2022-12-08,19.69,16.02,6.8,14.93,24,280,90
924,2022-11-04,97.2,27.35,2.35,26.71,43,947,89
925,2022-11-14,82.27,98.37,24.14,74.62,64,267,62
926,2022-12-27,33.5,69.08,28.78,49.2,45,151,56
927,2022-11-15,11.55,31.72,17.27,26.24,88,824,55
928,2022-12-13,65.93,52.05,42.56,29.9,100,734,50
929,2022-12-29,44.79,93.71,82.93,16,33,788,97
930,2022-11-28,73.41,66.38,62.68,24.77,20,540,32
931,2022-11-06,12.86,24.15,41.31,14.17,83,66,62
932,2023-01-14,5.71,51.92,65.23,18.05,103,211,87
933,2022-10-28,55.01,22.16,62.73,8.26,72,946,12
934,2022-12-19,69.5,47.35,39.7,28.55,2,694,90
935,2022-11-17,76.8,62.38,5.05,59.23,6,82,64
936,2022-11-25,60.31,43.89,16.89,36.48,1,508,13
937,2022-12-07,8.52,7.73,25.82,5.73,100,940,52
938,2022-11-29,11.22,8.35,51.01,4.09,37,484,4
939,2023-01-10,76.9,79.15,87.87,9.6,3,700,58
940,2022-12-13,62.59,40.63,60.47,16.06,44,401,93
941,2022-12-01,44.73,94.04,58.6,38.93,72,537,13
942,2022-10-29,8.16,8.32,4.49,7.95,103,128,14
943,2022-11-09,86.8,93.1,4.41,88.99,78,439,103
944,2022-11-30,82.56,20.08,47.79,10.48,75,801,70
945,2022-12-31,59.85,0.41,81.87,0.07,24,591,72
946,2022-11-20,61.44,2.74,49.28,1.39,83,352,5
947,2022-10-31,23.68,49.62,13.44,42.95,41,883,73
948,2022-10-25,76.09,23.55,83.88,3.8,57,771,65
949,2023-01-01,70.19,80.52,75.84,19.45,90,335,63
950,2022-11-01,54.16,91.71,93.09,6.34,64,719,14
951,2022-11-30,46.52,79.94,2.15,78.22,93,839,72
952,2022-12-04,89.52,85.23,20.91,67.41,51,644,47
953,2022-12-10,74.06,44.82,99.5,0.22,101,539,53
954,2023-01-11,19.96,74.11,29.59,52.18,59,736,26
955,2022-11-05,65.55,6.37,41.4,3.73,60,303,10
956,2022-12-29,22.2,88.76,27.74,64.14,45,555,28
957,2022-10-26,67.94,34.77,13.6,30.04,50,572,13
958,2022-11-07,78.97,10.22,6.37,9.57,18,380,19
959,2022-12-06,75.88,67.58,90.59,6.36,65,346,62
960,2022-12-04,25.24,49.89,24.5,37.67,38,886,78
961,2022-12-13,34.7,52.52,8.59,48.01,26,358,45
962,2022-11-07,46.54,10.08,80.68,1.95,86,796,74
963,2023-01-01,15.34,67.78,71.21,19.51,66,211,97
964,2022-10-30,45.32,56.37,88.11,6.7,94,648,77
965,2022-11-05,5.7,1.06,49.41,0.54,3,385,45
966,2023-01-09,33.74,95.25,22.48,73.84,35,521,11
967,2022-12-09,60.37,17.56,46.25,9.44,3,789,44
968,2022-11-23,95.44,53.98,25.53,40.2,77,81,54
969,2022-12-17,90.87,93.4,65.95,31.8,86,628,65
970,2023-01-09,50.35,47.78,6.27,44.78,86,993,89
971,2023-01-16,58.63,64.98,31.54,44.49,62,307,26
972,2022-12-14,73.81,15.59,14.28,13.36,43,169,48
973,2022-11-11,43.84,38.56,1.15,38.12,37,901,35
974,2022-11-13,73.09,36.26,13.19,31.48,3,419,84
975,2022-12-06,66.28,7.53,48.67,3.87,12,667,59
976,2022-11-26,22.84,92.74,2.38,90.53,40,448,3
977,2023-01-15,97.38,72.15,54.52,32.81,14,558,21
978,2022-11-29,7.89,1.82,53.24,0.85,6,831,42
979,2022-11-29,87.1,65.3,11.9,57.53,91,757,60
980,2022-10-25,46.15,40.94,20.26,32.65,88,283,30
981,2022-11-29,76.67,2.46,22.83,1.9,70,979,98
982,2023-01-10,43.1,99.97,20.95,79.03,27,815,91
983,2022-10-26,68.24,61.7,22.94,47.55,23,231,69
984,2022-11-17,46.5,65.25,26.36,48.05,100,781,18
985,2022-11-14,90.28,94.39,16.32,78.99,93,844,37
986,2022-11-03,96.07,25.12,55.9,11.08,43,699,57
987,2022-11-21,40.36,96.77,29.5,68.22,22,689,35
988,2022-12-11,25.91,17.31,39.74,10.43,32,232,101
989,2023-01-07,96.88,63.8,26.31,47.01,69,947,87
990,2022-11-17,70.58,86.66,70.42,25.63,19,340,50
991,2022-10-30,22.98,47.07,21.54,36.93,61,658,29
992,2022-12-04,69.47,67.12,34.84,43.74,64,551,58
993,2022-12-15,52.42,5.89,25.16,4.41,96,902,19
994,2022-10-28,45.02,91.63,36.47,58.21,20,900,102
995,2022-12-16,99.93,66.54,18.61,54.16,33,702,98
996,2022-10-27,56.65,92.77,33.34,61.84,65,846,24
997,2022-12-11,22.53,52.71,26.88,38.54,60,489,100
998,2023-01-13,91.24,46.73,15.26,39.6,73,61,95
999,2022-11-18,22.69,14.25,87.67,1.76,99,673,11
1000,2022-11-15,26.85,11.57,64.97,4.05,25,268,86
1001,2022-11-21,9.05,80.91,32.43,54.67,94,250,7
1002,2022-12-21,53.13,17.19,49.37,8.7,61,68,85
1003,2022-12-23,27.85,4.73,37.74,2.94,89,319,52
